{
    "0": {
        "precision": 0.9258717895176446,
        "recall": 0.9935021286130405,
        "f1-score": 0.9584954604409858,
        "support": 4463.0
    },
    "1": {
        "precision": 0.9704081632653061,
        "recall": 0.7281776416539051,
        "f1-score": 0.8320209973753281,
        "support": 1306.0
    },
    "accuracy": 0.9334373374934998,
    "macro avg": {
        "precision": 0.9481399763914753,
        "recall": 0.8608398851334729,
        "f1-score": 0.895258228908157,
        "support": 5769.0
    },
    "weighted avg": {
        "precision": 0.9359540401875086,
        "recall": 0.9334373374934998,
        "f1-score": 0.9298638693916272,
        "support": 5769.0
    }
}